fac_type,lic_num,park_num,X,Y
Parking Garage,363056,40,-73.97968154,40.66555725
Parking Lot,363308,50,-73.91327186,40.76286893
Parking Lot,363400,25,-73.88334858,40.70122489
Parking Lot,363464,25,-73.95817675,40.71158977
Parking Garage,363695,5,-73.94612061,40.72436988
Parking Lot,363732,75,-73.96946773,40.69110093
Parking Garage,363740,165,-73.97968154,40.66555725
Parking Garage,363809,200,-73.93339948,40.68366871
Parking Garage,363881,85,-73.96807185,40.6941565
Parking Garage,363961,90,-73.99836234,40.69206331
Parking Garage,364407,25,-73.98705379,40.68702658
Parking Lot,364804,15,-73.92715985,40.68438847
Parking Lot,365110,75,-73.73864032,40.70991312
Parking Lot,365142,40,-73.97956719,40.6823121
Parking Lot,365547,300,-73.92054135,40.74489337
Parking Lot,365559,90,-73.87206493,40.67401318
Parking Lot,365621,45,-73.96939604,40.69073651
Parking Garage,365792,80,-73.8462843,40.72070726
Parking Lot,365949,50,-73.93866903,40.74570245
Parking Lot,366200,30,-73.99409469,40.68945359
Parking Lot,366315,20,-73.98911607,40.68783411
Parking Lot,366601,20,-73.95389812,40.73236869
Parking Lot,366728,16,-73.98992087,40.69467826
Parking Lot,366735,24,-73.98939319,40.68151354
Parking Lot,366862,50,-73.98791162,40.68736492
Parking Garage,367147,149,-74.00608072,40.71081599
Parking Garage,367195,54,-73.96914124,40.75598761
Parking Garage,367230,36,-73.97297648,40.75245653
Parking Garage,367274,38,-73.95989042,40.75844602
Parking Garage,367318,51,-73.96519642,40.76939976
Parking Lot,367420,25,-73.99634159,40.62659557
Parking Garage,367503,57,-73.95879439,40.76805111
Parking Garage,367518,106,-74.02756701,40.63874635
Parking Garage,367606,80,-73.96640629,40.75560597
Parking Garage,367613,27,-73.95925949,40.77169806
Parking Garage,367614,300,-73.9977275,40.76168358
Parking Lot,367661,18,-73.98676789,40.76417053
Parking Garage,367711,300,-73.97823299,40.74524297
Parking Garage,367720,157,-73.96147952,40.76755437
Parking Garage,367734,22,-73.95940479,40.78110893
Parking Garage,367783,15,-73.93327049,40.85666098
Parking Garage,367816,260,-73.9918055,40.76761165
Parking Garage,367866,67,-73.95823567,40.76621616
Parking Garage,367879,64,-73.955151,40.76744823
Parking Lot,367908,99,-74.008841,40.71830467
Parking Garage,367917,250,-73.9918055,40.76761165
Parking Garage,367970,62,-73.96132163,40.76917243
Parking Garage,367984,129,-73.95918394,40.76920533
Parking Garage,368099,750,-73.97451573,40.74907686
Parking Garage,368105,25,-73.91977648,40.67813044
Parking Garage,368146,72,-73.87835116,40.7387104
Parking Garage,368148,98,-73.87835116,40.7387104
Parking Garage,368157,55,-73.9872478,40.76857238
Parking Garage,368172,31,-73.96358664,40.76356316
Parking Garage,368185,42,-73.96954093,40.75943563
Parking Garage,368199,62,-74.17870635,40.56353796
Parking Garage,368201,47,-73.98696373,40.73566937
Parking Garage,368219,440,-73.98330461,40.76270999
Parking Garage,368238,80,-73.97652187,40.76318497
Parking Garage,368285,42,-73.8462843,40.72070726
Parking Garage,368300,378,-73.98691591,40.76839945
Parking Garage,368322,92,-73.97150067,40.75483974
Parking Garage,368337,77,-73.9833447,40.77440515
Parking Lot,368391,200,-73.93866903,40.74570245
Parking Garage,368400,168,-73.95155321,40.77783495
Parking Garage,368410,24,-73.97696454,40.7625673
Parking Garage,368455,36,-73.95459314,40.78073094
Parking Garage,368468,24,-73.95824545,40.61896981
Parking Garage,368502,150,-73.98740068,40.75454296
Parking Garage,368506,44,-73.98336273,40.73169119
Parking Garage,368546,99,-73.99320082,40.73751642
Parking Lot,368580,14,-73.97331339,40.67526665
Parking Lot,368585,176,-73.95762279,40.76428856
Parking Garage,368594,40,-73.97499004,40.7555502
Parking Garage,368600,300,-73.96423751,40.76386331
Parking Garage,368602,33,-73.82147855,40.7512998
Parking Garage,368610,58,-73.98984684,40.75977701
Parking Garage,368677,27,-73.95999154,40.77658371
Parking Garage,368705,46,-73.98887215,40.73194395
Parking Garage,368732,50,-73.99193193,40.69537538
Parking Lot,368777,18,-73.98701986,40.76352469
Parking Garage,368822,271,-73.97994336,40.77453614
Parking Garage,368909,175,-73.96677024,40.75268136
Parking Garage,368910,130,-74.0012083,40.71302248
Parking Garage,368933,50,-74.02398979,40.62571793
Parking Lot,369040,300,-74.00033293,40.76251545
Parking Garage,369041,129,-73.99535654,40.73676289
Parking Garage,369201,90,-73.97222646,40.75238374
Parking Garage,369221,94,-73.98558985,40.76046678
Parking Garage,369314,174,-73.95918394,40.76920533
Parking Garage,369346,235,-73.97274152,40.74833624
Parking Garage,369373,83,-73.97770599,40.77383342
Parking Garage,369462,88,-73.96355966,40.77721487
Parking Lot,369548,12,-73.98735263,40.76114784
Parking Lot,369603,8,-73.97668803,40.6454806
Parking Garage,369606,120,-73.96072679,40.76317645
Parking Lot,369661,160,-74.00033293,40.76251545
Parking Lot,369751,180,-73.95918394,40.76920533
Parking Garage,369771,16,-73.92514332,40.64242067
Parking Garage,369777,122,-73.98245546,40.76405124
Parking Garage,369823,150,-73.9731824,40.7580683
Parking Lot,369838,263,-73.79462154,40.73987184
Parking Garage,369933,85,-73.97948665,40.74715953
Parking Garage,369939,341,-73.97851708,40.76257917
Parking Garage,369956,150,-74.01911251,40.68882783
Parking Garage,369984,198,-74.07663799,40.64041829
Parking Lot,427071,42,-73.99821858,40.71761814
Parking Garage,427085,150,-73.97264281,40.78920283
Parking Garage,427101,90,-73.95331334,40.77008929
Parking Garage,427125,225,-73.98840792,40.75751972
Parking Garage,427177,125,-73.97580842,40.74804086
Parking Garage,427235,300,-73.96860485,40.79748559
Parking Garage,427236,300,-73.96862284,40.79749458
Parking Garage,427239,180,-73.94774958,40.78334824
Parking Garage,427264,217,-74.00760845,40.71850713
Parking Lot,427285,50,-74.00957483,40.71487126
Parking Garage,427301,175,-73.9918055,40.76761165
Parking Garage,427303,201,-73.97667177,40.78926578
Parking Garage,427304,96,-73.97659128,40.78926034
Parking Garage,427311,175,-73.95429664,40.7798229
Parking Garage,427326,150,-73.94718655,40.77926385
Parking Garage,427357,100,-73.88756393,40.8771051
Parking Lot,427414,8,-73.98578881,40.73009282
Parking Garage,427429,180,-74.00392527,40.73119375
Parking Garage,427552,180,-73.98029604,40.73594498
Parking Garage,427562,250,-73.97488576,40.78005843
Parking Garage,427688,175,-73.9873827,40.76691763
Parking Lot,427820,20,-73.86306967,40.8344255
Parking Garage,427868,120,-74.00337264,40.74881428
Parking Lot,427881,50,-73.93536591,40.85089632
Parking Garage,427913,125,-73.96250745,40.80079509
Parking Garage,427916,100,-74.00639814,40.73955267
Parking Garage,427924,230,-73.98481064,40.76174653
Parking Garage,428016,120,-73.99789641,40.72553802
Parking Garage,428135,129,-73.99563847,40.74241111
Parking Garage,428302,45,-73.98171697,40.74949776
Parking Garage,428399,250,-74.00731147,40.74000275
Parking Lot,428456,115,-73.99682418,40.75275961
Parking Lot,428539,20,-73.86254764,40.83246663
Garage - Parking Lot Combo,428990,110,-73.96824512,40.77077572
Parking Garage,429031,1000,-73.99236494,40.77072176
Parking Garage,429204,86,-73.96501211,40.77493734
Parking Garage,429281,26,-73.88752832,40.8709546
Parking Garage,429352,150,-74.00769838,40.73559424
Parking Lot,429424,25,-73.88507233,40.85488015
Parking Garage,429461,55,-73.96003431,40.78204423
Parking Garage,429467,200,-73.9852603,40.78131578
Parking Lot,429477,41,-73.98655532,40.76001983
Parking Garage,429522,100,-73.97965667,40.78367724
Parking Garage,429528,150,-73.9966915,40.75684077
Parking Lot,429530,41,-73.98984305,40.75974273
Parking Lot,429629,290,-74.00033293,40.76251545
Parking Garage,429658,155,-73.9811232,40.75034748
Parking Garage,429675,90,-74.17870866,40.56354984
Parking Garage,429678,41,-73.95062815,40.78177
Parking Garage,429682,149,-73.97956759,40.74545981
Parking Garage,429690,70,-73.94663442,40.77234954
Parking Lot,429693,25,-73.99248481,40.7380489
Parking Lot,429832,78,-73.99173321,40.76708745
Parking Garage,429844,80,-73.98106068,40.75031988
Parking Garage,429851,457,-73.98114899,40.71534873
Parking Lot,429855,10,-73.98654745,40.72892965
Parking Lot,429883,41,-73.98715355,40.76112721
Parking Lot,469004,15,-73.97576085,40.78465486
Parking Garage,469029,300,-73.9629615,40.80101768
Parking Garage,469141,25,-73.97603839,40.74568093
Parking Garage,469165,76,-73.96185095,40.75573007
Parking Lot,469196,15,-73.99567625,40.72349412
Parking Lot,469197,95,-73.9887104,40.76015212
Parking Garage,469220,49,-74.02569767,40.62669903
Parking Garage,469247,175,-73.98812014,40.7392365
Parking Lot,469264,22,-73.88697499,40.85310687
Parking Lot,469319,25,-73.98057065,40.75011548
Parking Garage,469348,53,-73.96011525,40.76699857
Parking Garage,469373,70,-73.95918394,40.76920533
Parking Garage,469374,101,-73.96995047,40.75954299
Parking Lot,469417,75,-73.86661258,40.85080032
Parking Garage,469442,60,-74.17881816,40.56361333
Parking Garage,469448,291,-73.96048597,40.81243228
Parking Garage,469457,240,-74.00694295,40.73513559
Parking Lot,469511,41,-73.98682239,40.7641933
Parking Garage,469515,38,-73.96492663,40.75314901
Parking Lot,469518,149,-73.9966915,40.75684077
Parking Garage,469552,55,-73.98887215,40.73194395
Parking Lot,469630,85,-73.99735736,40.72067084
Parking Lot,469667,25,-73.88597199,40.85300152
Parking Lot,469708,48,-73.88385689,40.85529758
Parking Garage,469741,56,-74.02519694,40.64210653
Parking Garage,469761,60,-73.95742628,40.76840151
Parking Garage,469779,49,-73.96020519,40.78180141
Parking Garage,469813,54,-73.96263088,40.7697272
Parking Garage,469824,90,-73.9690878,40.75759687
Parking Garage,469866,39,-73.95918394,40.76920533
Parking Garage,469882,178,-74.00707785,40.70582669
Parking Garage,469935,50,-73.96291981,40.76248675
Parking Lot,469964,42,-73.92970306,40.82641524
Parking Lot,469965,225,-73.92970306,40.82641524
Parking Lot,469978,20,-73.91286311,40.84499749
Parking Garage,691393,114,-73.96557442,40.79295822
Parking Lot,691929,10,-73.89427479,40.870779
Parking Garage,692051,146,-73.95286173,40.77838554
Parking Garage,692569,1361,-73.82821547,40.87834746
Parking Garage,692570,1361,-73.82473898,40.87768367
Parking Garage,692571,1361,-73.83054421,40.86923003
Parking Garage,692572,1361,-73.82649087,40.87295206
Parking Garage,692573,1311,-73.82706857,40.87414234
Parking Lot,693530,50,-73.92349502,40.8638965
Parking Garage,694550,225,-73.98986055,40.75934683
Parking Garage,695802,1361,-73.82146356,40.86133867
Parking Garage,695803,1311,-73.82340951,40.86563434
Parking Garage,695804,1361,-73.82634317,40.86961382
Parking Lot,696143,10,-73.8884967,40.87516305
Parking Lot,696486,92,-73.9968863,40.75025902
Parking Garage,697253,140,-73.97608877,40.76300281
Parking Garage,699003,350,-73.94403228,40.79161072
Parking Garage,699244,61,-73.96207662,40.77372883
Parking Lot,699282,14,-73.94715978,40.72825312
Parking Garage,699352,150,-73.95918394,40.76920533
Parking Lot,699505,40,-73.98967889,40.75967381
Parking Garage,731368,55,-73.97823299,40.74524297
Parking Garage,731394,300,-73.97651889,40.74795093
Parking Lot,733100,44,-73.87960388,40.87575736
Parking Garage,733235,220,-73.95062815,40.78177
Parking Lot,734552,22,-73.90396112,40.85093214
Parking Garage,735058,150,-73.9607178,40.76807776
Parking Lot,735430,171,-74.0778862,40.64404362
Parking Garage,735702,175,-73.95447255,40.81892879
Parking Garage,736176,90,-73.966539,40.78362557
Parking Garage,736268,104,-73.95062815,40.78177
Parking Lot,738230,44,-73.96259831,40.76073649
Parking Garage,760802,1000,-73.94403228,40.79161072
Parking Lot,760927,25,-73.88765566,40.85690734
Parking Garage,761016,106,-74.17875884,40.56343272
Parking Garage,761544,178,-73.96790761,40.75791309
Parking Garage,763733,73,-73.96668942,40.75733196
Parking Lot,764919,22,-73.88813744,40.85645036
Parking Lot,765883,12,-74.008889,40.72124219
Parking Garage,766654,300,-74.02486334,40.64007098
Parking Garage,766695,58,-73.97099741,40.78309011
Parking Lot,767674,56,-73.80979666,40.70119265
Parking Garage,769326,112,-73.95062815,40.78177
Parking Garage,769937,107,-73.99134865,40.76533997
Parking Garage,780839,181,-73.99213662,40.76427644
Parking Garage,782517,123,-73.97823299,40.74524297
Parking Garage,784363,410,-73.8723789,40.76341327
Parking Lot,787501,14,-73.99218531,40.68333554
Parking Garage,788455,83,-73.966539,40.78362557
Parking Garage,789927,125,-74.02355323,40.62635902
Garage - Parking Lot Combo,800489,582,-73.8462843,40.72070726
Parking Lot,800582,31,-73.8462843,40.72070726
Parking Lot,800698,35,-73.97823299,40.74524297
Parking Garage,801652,86,-73.9892353,40.74053152
Parking Lot,808036,30,-73.96676754,40.68305133
Parking Garage,808709,80,-73.97303107,40.7444233
Parking Lot,811361,22,-73.97280315,40.64553505
Parking Garage,811933,69,-73.9562304,40.7704248
Parking Lot,812452,99,-73.95018525,40.72265361
Parking Garage,812525,250,-73.95440715,40.765465
Parking Garage,813195,220,-73.98539029,40.75868277
Parking Garage,813280,130,-73.95286672,40.76647696
Parking Garage,813398,125,-73.98555707,40.77041599
Parking Lot,816312,175,-73.93166325,40.76169979
Parking Garage,816759,90,-73.95033105,40.78377231
Parking Garage,817003,158,-73.97994336,40.77453614
Parking Garage,818101,101,-73.97080869,40.78841478
Parking Garage,818314,100,-74.02403019,40.6404967
Parking Lot,819194,56,-73.86275262,40.89708713
Parking Garage,819247,107,-73.97750814,40.7861901
Parking Garage,831026,175,-73.95454748,40.76552249
Garage - Parking Lot Combo,831034,36,-73.91041709,40.88370998
Parking Lot,832169,13,-73.8462843,40.72070726
Parking Garage,832475,15,-73.92537444,40.86690425
Parking Garage,834487,117,-73.99343656,40.73678971
Parking Garage,835198,49,-73.792821,40.71311535
Parking Garage,835271,26,-73.97391085,40.76014574
Parking Lot,836347,14,-73.88591784,40.85310732
Parking Garage,838371,77,-73.97186939,40.79380736
Parking Garage,850402,124,-73.966539,40.78362557
Parking Garage,851958,61,-73.98305696,40.76301457
Parking Garage,851982,105,-73.97958862,40.76441652
Parking Lot,852507,25,-73.86863188,40.85551717
Parking Lot,854269,12,-73.93866903,40.74570245
Parking Garage,855640,43,-73.98173496,40.77694507
Parking Garage,856466,20,-73.91556568,40.87114208
Parking Garage,858490,100,-73.98986055,40.75934683
Parking Garage,858712,375,-73.97994336,40.77453614
Parking Garage,859390,77,-73.96410824,40.80475211
Parking Garage,881098,87,-73.95803556,40.76370168
Parking Lot,881123,139,-73.8723789,40.76341327
Garage - Parking Lot Combo,881522,160,-73.96061585,40.67867732
Parking Lot,882717,350,-73.99680722,40.76274101
Parking Garage,883259,70,-73.97188361,40.67304102
Parking Garage,883451,195,-73.97907186,40.77251816
Parking Garage,883452,301,-73.95062815,40.78177
Parking Garage,883454,109,-73.95062815,40.78177
Parking Garage,883497,245,-73.84532823,40.8458799
Parking Garage,883898,94,-73.99906237,40.73933509
Parking Garage,884653,265,-73.98718268,40.7710674
Parking Garage,886174,127,-73.8462843,40.72070726
Parking Lot,886406,29,-73.9873317,40.73811193
Parking Lot,887259,130,-73.98992087,40.69467826
Parking Lot,887261,50,-73.982479,40.6935947
Parking Lot,887551,25,-73.93820351,40.83806123
Parking Garage,888159,268,-73.95918394,40.76920533
Parking Garage,888338,108,-73.97311175,40.7485573
Parking Garage,888537,56,-73.95064068,40.777446
Parking Garage,888851,48,-73.96129265,40.65138049
Parking Garage,889309,178,-73.82719028,40.76862022
Parking Garage,889341,235,-73.99896597,40.72924503
Parking Lot,889631,200,-73.94749728,40.63055478
Parking Garage,889934,91,-73.96015123,40.76293363
Parking Lot,890610,30,-73.91425984,40.69749515
Parking Garage,891228,25,-73.95083676,40.7221381
Parking Garage,891578,260,-73.95496214,40.77074874
Parking Garage,892164,124,-73.94709077,40.78251563
Parking Garage,892366,33,-73.97874921,40.74431767
Parking Lot,892932,160,-73.9968863,40.75025902
Parking Lot,894142,57,-73.89699561,40.86794066
Parking Lot,894307,50,-73.99468753,40.6246951
Parking Garage,894438,58,-73.98643048,40.73620501
Parking Lot,895134,99,-73.99649309,40.67744839
Parking Lot,896443,115,-73.90688266,40.84269572
Parking Lot,896444,240,-73.90295729,40.8320962
Parking Lot,896736,150,-73.90423272,40.82968515
Parking Garage,896827,100,-74.01067717,40.71393528
Parking Garage,897040,77,-73.95473731,40.76727736
Parking Lot,897188,117,-73.88581945,40.86591837
Parking Garage,897530,65,-73.97006176,40.76131485
Parking Lot,897920,38,-74.000969,40.60401181
Parking Garage,898031,82,-73.99814642,40.75326084
Parking Garage,898076,862,-73.8801699,40.87979148
Parking Garage,898077,662,-73.87793647,40.87960952
Parking Garage,898215,421,-73.8462843,40.72070726
Parking Garage,898706,30,-73.91923162,40.83815858
Parking Garage,899288,150,-73.90926228,40.84570907
Garage - Parking Lot Combo,899470,64,-73.91039472,40.8431722
Garage - Parking Lot Combo,899744,36,-73.98289846,40.73914078
Garage - Parking Lot Combo,900020,150,-73.9688563,40.76988224
Parking Garage,900505,98,-73.99811161,40.73616082
Parking Garage,900653,195,-73.98251226,40.7648365
Parking Lot,900877,77,-73.9966915,40.75684077
Parking Garage,901085,320,-73.97994336,40.77453614
Parking Garage,901086,411,-74.17865861,40.56329241
Parking Garage,901087,445,-74.17866631,40.56333202
Parking Garage,901088,163,-74.17874328,40.5633527
Parking Lot,901401,35,-73.95809719,40.73269148
Parking Garage,901540,75,-73.96372581,40.79685013
Parking Garage,901637,225,-74.00374137,40.72073744
Parking Lot,901734,42,-73.96919479,40.75389148
Parking Garage,901963,114,-73.94749777,40.77860882
Parking Lot,902515,28,-73.99949872,40.71719506
Parking Lot,902630,100,-73.88334858,40.70122489
Parking Garage,903997,150,-73.96974037,40.76209592
Garage - Parking Lot Combo,904077,259,-73.8723789,40.76341327
Garage - Parking Lot Combo,904133,294,-73.96183952,40.7587615
Parking Lot,904395,185,-73.99677673,40.76348665
Parking Garage,904481,150,-73.99663672,40.7170772
Parking Garage,904543,285,-73.99333621,40.73414634
Parking Lot,904670,310,-73.9763127,40.57754579
Parking Garage,905127,176,-73.97712143,40.77672024
Parking Garage,905554,150,-73.92443397,40.81520833
Parking Garage,906120,51,-73.968162,40.75392887
Parking Lot,906199,54,-73.92253739,40.83930057
Parking Garage,906410,40,-73.99785905,40.73602569
Parking Garage,906438,200,-73.96389291,40.81133571
Parking Garage,906639,65,-73.91619761,40.85214981
Parking Garage,907146,150,-73.7753069,40.67694526
Parking Garage,908174,150,-73.988156,40.7481998
Parking Lot,908352,50,-73.99615,40.7121312
Parking Garage,908745,113,-74.03533568,40.63170723
Parking Lot,909273,85,-73.9968863,40.75025902
Parking Lot,909797,100,-73.88361255,40.75163074
Parking Lot,910018,40,-73.95663232,40.74626131
Parking Lot,910347,125,-73.97823299,40.74524297
Parking Lot,911193,63,-73.91457498,40.82865598
Parking Garage,912083,268,-73.95616257,40.78305296
Parking Garage,912191,90,-73.94657146,40.78402274
Parking Garage,912341,205,-73.98723881,40.76195337
Parking Garage,913526,115,-73.95303032,40.77589465
Parking Garage,913566,95,-73.92111307,40.82651281
Parking Garage,914278,125,-73.96372581,40.79685013
Parking Garage,914923,328,-73.96809182,40.75863022
Parking Lot,915103,75,-74.008889,40.72124219
Parking Garage,915987,34,-73.96952612,40.75205728
Parking Garage,916698,126,-73.97297648,40.75245653
Parking Lot,916760,29,-73.89832419,40.84579837
Parking Garage,916798,78,-73.95551972,40.78034451
Parking Garage,916799,103,-73.9728012,40.7517509
Parking Garage,917447,70,-73.98417212,40.73528848
Parking Garage,917493,600,-73.96408126,40.80146059
Parking Lot,918267,20,-73.95719199,40.64066939
Parking Garage,919699,200,-73.98559305,40.74556773
Parking Garage,919735,121,-73.8462843,40.72070726
Parking Garage,919848,450,-73.95114705,40.67260539
Parking Lot,920084,81,-74.00484544,40.74793682
Parking Garage,920557,26,-73.97141074,40.75282525
Parking Garage,920608,278,-73.9802266,40.78059685
Parking Garage,921085,95,-73.86773556,40.8524618
Parking Garage,921240,180,-73.95950241,40.67283474
Parking Garage,921454,80,-73.98235549,40.7852638
Parking Garage,921582,97,-74.00750324,40.7330213
Parking Garage,921898,72,-74.02542694,40.62660124
Parking Garage,921899,114,-73.94921547,40.77305101
Parking Lot,922578,42,-74.0053014,40.71908997
Parking Lot,922831,74,-73.91568306,40.81637583
Parking Lot,923714,40,-73.99252625,40.76897527
Parking Garage,924101,21,-73.98010718,40.74987548
Parking Lot,924211,35,-74.0013132,40.71808444
Parking Lot,924435,38,-73.99789641,40.72553802
Parking Garage,924489,169,-73.99286856,40.73078287
Parking Lot,925245,150,-73.99563892,40.71289925
Parking Lot,925684,36,-74.008889,40.72124219
Parking Lot,925848,63,-74.00649919,40.72570424
Parking Garage,926039,180,-74.00366043,40.71727506
Parking Lot,926190,17,-73.97942777,40.57948583
Parking Lot,926484,150,-73.93866903,40.74570245
Parking Lot,926752,98,-74.00822715,40.71799213
Parking Lot,926755,67,-73.99338828,40.72746615
Parking Lot,926756,131,-73.99463134,40.747802
Parking Lot,926757,93,-73.99938293,40.7186457
Parking Lot,926760,60,-73.99313309,40.72707025
Parking Lot,926761,182,-73.9873737,40.72196052
Parking Lot,926763,72,-74.00506397,40.70604898
Parking Lot,926765,100,-73.98773115,40.69037315
Parking Lot,926767,150,-73.98694807,40.69813437
Parking Garage,927031,70,-73.95996353,40.7728942
Parking Garage,927032,37,-74.03238326,40.63093933
Parking Lot,927315,158,-73.9966915,40.75684077
Parking Lot,927409,56,-73.88361255,40.75163074
Parking Garage,927638,200,-74.03200059,40.63090591
Parking Lot,927659,125,-73.74679789,40.77239842
Parking Garage,928832,188,-73.96295711,40.80016557
Parking Garage,928867,125,-73.8462843,40.72070726
Parking Garage,928927,135,-73.94595093,40.77959807
Parking Lot,929555,8,-73.852449,40.83745075
Parking Garage,929603,65,-74.01060967,40.71133187
Parking Garage,929732,23,-74.00098329,40.68233304
Parking Garage,929734,23,-74.00127738,40.68241567
Parking Lot,930269,150,-73.96382047,40.67886241
Parking Garage,932155,84,-74.02259312,40.63970032
Parking Lot,936195,44,-73.91539434,40.81634897
Parking Garage,937560,92,-74.00298593,40.73813033
Parking Garage,941633,32,-73.96586196,40.76203415
Parking Lot,942362,50,-73.9174558,40.70257845
Parking Garage,942550,94,-73.82855612,40.70828608
Parking Lot,944416,11,-73.91342678,40.85278684
Parking Garage,945052,95,-73.86148085,40.72646492
Parking Garage,945081,475,-73.86148085,40.72646492
Parking Garage,945260,200,-73.86148085,40.72646492
Parking Garage,945780,255,-73.99084918,40.73144723
Parking Garage,947321,390,-73.87870895,40.88031656
Parking Garage,947353,98,-73.9665544,40.8025038
Garage - Parking Lot Combo,947720,126,-73.8462843,40.72070726
Parking Garage,948602,139,-73.88361255,40.75163074
Parking Lot,948686,30,-73.91267905,40.83519476
Parking Garage,948832,375,-74.17870866,40.56354984
Parking Lot,949204,100,-73.93866903,40.74570245
Parking Lot,949893,31,-73.98777109,40.67762263
Parking Lot,950394,50,-73.90051698,40.87862225
Parking Lot,952277,90,-73.98986055,40.75934683
Parking Lot,952279,256,-73.98986055,40.75934683
Parking Garage,953176,39,-73.99344976,40.72454171
Parking Garage,953178,47,-74.00213158,40.74027971
Garage - Parking Lot Combo,953645,30,-73.93804197,40.83778703
Parking Garage,954109,182,-73.97516091,40.78519185
Parking Garage,954111,182,-73.966539,40.78362557
Parking Lot,954225,42,-73.99431958,40.7154701
Parking Lot,954354,160,-73.86148085,40.72646492
Parking Lot,954355,262,-73.86148085,40.72646492
Parking Garage,954597,56,-74.01911251,40.68882783
Parking Garage,955232,87,-73.8462843,40.72070726
Parking Lot,955802,47,-73.93866903,40.74570245
Parking Garage,957484,77,-73.95516882,40.76496214
Parking Lot,957524,50,-73.90927864,40.8517735
Parking Lot,959009,90,-73.92333221,40.83772426
Parking Lot,959012,150,-73.85718258,40.84211896
Parking Garage,959098,57,-73.98204972,40.77555112
Parking Garage,959101,300,-73.98322783,40.75944427
Parking Lot,959232,185,-73.90420608,40.87953905
Parking Garage,959289,316,-73.96802015,40.75954748
Parking Garage,959355,200,-73.95740829,40.77771849
Parking Garage,959361,165,-73.96128437,40.77258336
Parking Garage,959388,134,-73.95802889,40.81642936
Parking Lot,959606,14,-73.85245339,40.83786544
Parking Garage,960635,294,-73.98508043,40.76936379
Parking Garage,961850,77,-74.17871251,40.56356964
Parking Garage,961988,665,-73.99162877,40.7495425
Parking Garage,961990,273,-73.98986055,40.75934683
Parking Garage,962008,210,-73.9918055,40.76761165
Parking Lot,962013,80,-73.9968863,40.75025902
Parking Garage,962029,546,-73.92761793,40.69128804
Parking Garage,962108,204,-73.97081745,40.78841182
Parking Garage,962109,148,-73.97520748,40.74446092
Parking Garage,962302,21,-73.9949242,40.72483239
Parking Lot,962316,30,-73.9273423,40.68442314
Parking Garage,962865,652,-73.9800744,40.75949851
Parking Garage,963093,165,-73.97968154,40.66555725
Parking Garage,963959,198,-73.99027851,40.76675575
Parking Lot,964023,133,-74.17877358,40.56365938
Parking Garage,964031,48,-73.99267878,40.7365308
Parking Garage,965328,900,-73.78226734,40.78070133
Garage - Parking Lot Combo,965331,900,-73.78226734,40.78070133
Parking Garage,965355,209,-73.9918055,40.76761165
Garage - Parking Lot Combo,966613,48,-73.98887215,40.73194395
Parking Garage,966973,220,-73.95918394,40.76920533
Parking Garage,968559,105,-73.99480128,40.74371177
Parking Garage,971313,149,-73.97336425,40.75448979
Parking Lot,972208,22,-73.792821,40.71311535
Parking Garage,972256,88,-73.95987152,40.75841662
Parking Garage,972262,150,-74.00464968,40.73433519
Parking Garage,973517,20,-73.9829396,40.66583529
Parking Garage,974364,200,-73.95905405,40.81682101
Parking Garage,974656,149,-73.98215404,40.66467753
Parking Lot,974657,99,-73.92169197,40.60885074
Parking Lot,975256,375,-73.92773225,40.61636867
Parking Lot,975257,670,-73.99789641,40.72553802
Parking Lot,975586,53,-73.98380989,40.69206973
Parking Garage,975588,95,-73.88479002,40.86260133
Parking Lot,976027,44,-73.95918394,40.76920533
Parking Garage,976075,131,-74.02192668,40.64204081
Parking Lot,976181,99,-73.9987861,40.75509155
Parking Garage,976183,155,-73.96960647,40.75202826
Parking Garage,976184,139,-73.96312879,40.76825175
Parking Garage,976776,495,-73.90896297,40.86447394
Parking Garage,976779,148,-73.792821,40.71311535
Parking Garage,976815,204,-73.792821,40.71311535
Parking Lot,976816,65,-73.792821,40.71311535
Parking Lot,976953,32,-73.99584503,40.75409821
Parking Lot,976955,122,-73.99701992,40.75460172
Parking Garage,977109,24,-73.96685118,40.77065881
Parking Garage,977117,116,-73.98583147,40.71612147
Parking Garage,978502,114,-73.96791396,40.79798417
Garage - Parking Lot Combo,979174,33,-73.96928654,40.69018202
Parking Lot,980378,96,-73.9688563,40.76988224
Parking Garage,980798,89,-73.8462843,40.72070726
Parking Garage,980801,100,-73.97231905,40.74540585
Parking Garage,981503,89,-74.00883429,40.71600618
Parking Garage,981738,55,-74.008889,40.72124219
Parking Garage,982918,124,-73.98673093,40.76333951
Parking Garage,983786,73,-73.96390376,40.77372105
Parking Garage,984363,75,-73.99612207,40.760751
Parking Lot,984596,85,-73.97354213,40.78969746
Parking Lot,986471,77,-73.97922883,40.68820257
Parking Lot,986565,200,-73.97994336,40.77453614
Parking Garage,992413,100,-73.88452787,40.86664856
Parking Garage,992903,165,-73.97326334,40.75239358
Parking Lot,993927,40,-73.9968863,40.75025902
Parking Lot,994343,33,-73.80979666,40.70119265
Parking Lot,994675,120,-73.98511746,40.76183843
Garage - Parking Lot Combo,995385,125,-73.93866903,40.74570245
Parking Lot,997485,51,-73.98350792,40.69077805
Parking Lot,997852,25,-73.90320697,40.85614331
Parking Garage,998154,130,-73.8462843,40.72070726
Parking Garage,998155,99,-73.8462843,40.72070726
Parking Garage,999137,150,-73.98155023,40.74682399
Parking Garage,999365,25,-73.9966915,40.75684077
Parking Garage,999760,70,-73.91510731,40.86982578
Parking Garage,999985,1365,-73.94917852,40.83693035
Parking Garage,1000450,334,-73.97248055,40.74828772
Parking Lot,1001165,76,-73.9966915,40.75684077
Parking Garage,1001512,79,-73.9658169,40.76861351
Parking Garage,1001573,130,-73.97297648,40.75245653
Parking Garage,1002428,66,-73.8462843,40.72070726
Parking Garage,1002786,625,-74.00155761,40.74110172
Parking Garage,1002968,128,-74.02286989,40.64162584
Parking Lot,1003637,45,-73.91254707,40.80564827
Parking Lot,1003796,78,-73.80979666,40.70119265
Parking Garage,1004075,198,-73.95510584,40.78018987
Parking Garage,1004129,47,-73.94430517,40.8072792
Parking Garage,1004164,112,-73.96629142,40.67803733
Parking Lot,1004302,6,-73.95608038,40.71535968
Parking Lot,1004390,25,-73.99326117,40.75541918
Parking Garage,1004391,35,-73.9966915,40.75684077
Parking Lot,1004393,70,-73.99205105,40.75566512
Parking Lot,1004796,140,-73.9349839,40.73782682
Parking Lot,1005064,200,-73.936704,40.80157878
Parking Lot,1005084,44,-73.792821,40.71311535
Parking Garage,1005177,38,-73.96822714,40.76054144
Parking Garage,1005180,83,-73.96766789,40.76013363
Parking Garage,1005482,37,-73.98199576,40.73920952
Parking Garage,1005964,288,-73.96809182,40.75863022
Parking Lot,1006042,80,-73.90282119,40.87922199
Parking Lot,1006043,8,-73.95817675,40.71158977
Parking Garage,1006124,80,-74.00573342,40.74560911
Parking Lot,1006566,150,-73.91976477,40.81616505
Parking Garage,1007334,750,-73.92435832,40.81773038
Parking Garage,1007823,96,-73.92006142,40.83764006
Parking Garage,1007928,120,-73.98986055,40.75934683
Parking Lot,1009139,25,-73.94653792,40.62772226
Parking Garage,1009614,316,-73.97859122,40.68948323
Parking Lot,1009641,6,-73.87616572,40.87163831
Parking Garage,1010035,75,-73.99306608,40.73679929
Parking Garage,1010038,80,-73.96725587,40.7932228
Parking Garage,1010039,92,-73.98393298,40.7654367
Parking Garage,1010041,84,-73.98685316,40.73637878
Parking Garage,1010044,44,-73.96770236,40.79267763
Parking Garage,1010570,198,-73.98880191,40.73400907
Parking Garage,1010916,100,-74.00716315,40.7284342
Parking Lot,1012276,120,-74.0046767,40.67755431
Parking Garage,1012409,100,-74.00809759,40.73816674
Parking Garage,1012474,51,-74.03159235,40.62841625
Parking Lot,1013467,44,-73.91831896,40.86330836
Parking Garage,1013511,240,-73.99364198,40.76465134
Parking Garage,1013974,400,-74.01073809,40.70451368
Parking Lot,1014335,145,-73.99888074,40.75202222
Parking Lot,1014829,9,-73.966355,40.68556865
Parking Garage,1016422,36,-74.0173571,40.70714869
Parking Garage,1016447,202,-73.86148085,40.72646492
Parking Lot,1017361,18,-73.89337238,40.85616867
Parking Garage,1018977,48,-73.99023085,40.73171105
Parking Garage,1019560,200,-73.94653792,40.62772226
Parking Lot,1019603,10,-73.97956719,40.6823121
Parking Lot,1019609,155,-73.98992087,40.69467826
Parking Garage,1020843,751,-73.86329545,40.8378616
Parking Garage,1020999,188,-73.98385736,40.75518148
Parking Garage,1021031,150,-73.98694203,40.75411129
Parking Lot,1021918,10,-73.97862894,40.68682131
Parking Lot,1021919,10,-73.97870861,40.68681384
Parking Lot,1021920,70,-73.97831006,40.68685066
Parking Lot,1021922,60,-73.97834743,40.68752523
Parking Garage,1022575,140,-73.99316534,40.74305862
Parking Garage,1023251,123,-73.91021665,40.88834071
Garage - Parking Lot Combo,1023980,150,-73.985335,40.69750756
Parking Garage,1024898,57,-73.95638673,40.76971422
Parking Garage,1025779,95,-73.96158115,40.77989485
Parking Lot,1025798,36,-73.9968863,40.75025902
Parking Lot,1025799,12,-73.99353642,40.74814632
Parking Lot,1026203,112,-73.94972331,40.78286028
Parking Lot,1026540,233,-73.94283023,40.78577114
Parking Garage,1026542,139,-73.89619858,40.86091271
Parking Lot,1026543,85,-73.89552912,40.8602988
Parking Garage,1026633,267,-73.9926887,40.72833672
Parking Lot,1026759,95,-73.97752353,40.68751155
Parking Garage,1026761,379,-73.98992087,40.69467826
Parking Garage,1028146,60,-73.98620961,40.74497159
Parking Lot,1028877,110,-73.90230146,40.84671071
Parking Lot,1029053,82,-73.99577817,40.74662172
Parking Garage,1029200,99,-74.02557998,40.62760649
Parking Garage,1029225,106,-73.98356091,40.73582277
Parking Lot,1029227,20,-73.87643597,40.87136977
Parking Lot,1029231,84,-73.91530825,40.81677607
Parking Garage,1029322,424,-73.97275972,40.7806233
Parking Garage,1030045,42,-74.01777978,40.70651916
Parking Garage,1030813,69,-73.96382047,40.67886241
Parking Garage,1030925,145,-73.85733616,40.83357066
Parking Lot,1031278,50,-73.91935212,40.81705231
Parking Lot,1031644,30,-73.91225334,40.87280381
Parking Garage,1032982,61,-73.98079351,40.74197625
Parking Garage,1033066,205,-73.97994336,40.77453614
Parking Garage,1034873,126,-73.95296668,40.77634498
Parking Garage,1036915,150,-74.02510493,40.64021839
Parking Garage,1037756,240,-73.91929748,40.83816076
Parking Lot,1037989,71,-73.98986055,40.75934683
Parking Garage,1039043,114,-74.0043619,40.71646567
Parking Garage,1039455,150,-73.98242124,40.74539385
Parking Lot,1040211,49,-74.00581316,40.74673711
Parking Lot,1040511,102,-73.73430018,40.75907422
Parking Lot,1040786,9,-74.0069799,40.70766608
Parking Lot,1040945,250,-73.91546573,40.84342034
Parking Lot,1057432,90,-73.99724222,40.74694155
Parking Lot,1057433,8,-73.99470791,40.71303046
Parking Garage,1058507,53,-73.98480628,40.76423405
Parking Lot,1058882,50,-73.91038006,40.8273731
Parking Lot,1058904,35,-73.9968863,40.75025902
Parking Garage,1059262,108,-73.97460537,40.76413666
Parking Garage,1059291,115,-73.97383891,40.750505
Parking Lot,1060378,703,-73.85971489,40.84166753
Parking Lot,1060379,515,-73.85581883,40.8359784
Parking Lot,1060717,50,-74.00102495,40.75207797
Parking Garage,1061198,166,-74.17869095,40.56345875
Parking Lot,1061393,60,-73.96319861,40.64991903
Parking Lot,1062071,65,-73.90704207,40.87761278
Parking Garage,1062085,113,-73.97071019,40.69255483
Parking Garage,1062413,240,-73.8986223,40.85534716
Parking Garage,1063776,67,-73.96980994,40.75998386
Parking Garage,1065227,44,-73.95176955,40.76600932
Parking Lot,1066115,46,-74.00552202,40.75317599
Parking Lot,1066286,113,-73.82147855,40.7512998
Parking Lot,1067182,54,-73.90868467,40.85242821
Parking Lot,1068098,150,-73.99918086,40.66205207
Parking Lot,1068100,92,-74.00486309,40.70764561
Parking Lot,1068139,197,-73.82147855,40.7512998
Parking Lot,1069545,45,-73.88253673,40.85616864
Parking Garage,1069843,68,-73.98079067,40.74113407
Parking Garage,1070435,49,-73.96983334,40.75212315
Parking Garage,1070436,137,-73.94565535,40.78033456
Parking Garage,1070437,77,-73.94757142,40.7752003
Parking Garage,1070438,177,-73.95691876,40.77072068
Parking Garage,1070439,92,-73.94479229,40.77918223
Parking Garage,1070440,22,-73.95771398,40.77620309
Parking Garage,1070441,235,-73.95347826,40.7672234
Parking Garage,1070442,150,-73.95301061,40.76786192
Parking Garage,1070451,68,-73.97565554,40.74141286
Parking Garage,1070777,100,-73.94988925,40.77206761
Parking Garage,1070778,150,-73.96435106,40.75802334
Parking Garage,1070788,22,-73.98992087,40.69467826
Parking Lot,1070798,42,-73.95012444,40.82495421
Parking Garage,1071280,300,-74.02320168,40.62790802
Parking Garage,1071281,150,-73.94458713,40.77955836
Parking Garage,1071282,84,-73.90994891,40.89262684
Parking Lot,1071283,54,-73.90994891,40.89262684
Parking Lot,1071284,54,-73.91131352,40.8923044
Parking Garage,1071285,84,-73.91131352,40.8923044
Parking Lot,1071993,18,-73.98992087,40.69467826
Parking Garage,1072122,175,-73.99501293,40.74503319
Parking Garage,1072920,262,-73.95853584,40.57676533
Parking Lot,1073336,107,-73.8790562,40.83432139
Parking Lot,1073375,18,-73.99282759,40.67229692
Parking Garage,1074675,250,-73.92893576,40.86687727
Parking Garage,1074682,52,-74.02381699,40.62560905
Parking Garage,1074776,220,-73.95256994,40.77318591
Parking Garage,1075136,96,-73.89313107,40.82552622
Parking Lot,1075181,63,-73.88247545,40.85754731
Parking Garage,1075982,29,-73.9632359,40.76423765
Parking Garage,1076044,115,-74.17873161,40.56329269
Parking Lot,1076667,74,-73.99191011,40.73774636
Parking Lot,1076689,86,-74.008889,40.72124219
Parking Garage,1076703,91,-74.00879555,40.72771618
Parking Lot,1076708,51,-74.0101996,40.73358645
Parking Garage,1076826,94,-73.95738751,40.77007387
Parking Garage,1076840,69,-74.17883104,40.56362621
Parking Garage,1076844,110,-73.95062815,40.78177
Parking Lot,1076965,112,-73.9968863,40.75025902
Parking Lot,1076967,139,-73.7753069,40.67694526
Parking Lot,1077388,35,-73.95069498,40.74209678
Parking Lot,1077409,25,-73.92112667,40.83111853
Parking Lot,1077575,44,-73.9918055,40.76761165
Parking Lot,1077757,33,-73.91405695,40.84145046
Parking Garage,1078420,99,-73.9822959,40.73937065
Parking Garage,1078473,150,-73.90571979,40.87689066
Parking Garage,1078641,87,-74.00600027,40.70795285
Parking Garage,1078653,104,-73.94549228,40.77816815
Parking Garage,1079092,839,-73.99798097,40.74761962
Parking Lot,1079471,84,-73.99041687,40.68958189
Parking Garage,1081571,300,-73.96576575,40.75859175
Parking Lot,1082418,113,-73.9968863,40.75025902
Parking Lot,1082540,31,-73.90231926,40.88232008
Parking Lot,1083289,100,-73.9968863,40.75025902
Parking Garage,1084607,230,-73.82147855,40.7512998
Parking Garage,1084609,320,-73.95491598,40.77834453
Parking Lot,1085596,52,-73.99703376,40.75460633
Parking Garage,1085597,75,-73.88361255,40.75163074
Parking Lot,1086341,110,-73.92157866,40.81633686
Parking Lot,1087706,75,-74.03065295,40.6233871
Parking Garage,1088121,90,-74.0046,40.74471527
Parking Garage,1088937,40,-73.91052056,40.85022297
Parking Garage,1089427,150,-73.96009727,40.75814924
Parking Lot,1089680,60,-74.008889,40.72124219
Parking Lot,1091447,108,-73.88479002,40.86260133
Parking Garage,1091563,134,-73.80979666,40.70119265
Parking Lot,1091809,150,-73.99357903,40.75392243
Parking Lot,1091919,42,-74.03058142,40.62896329
Parking Garage,1093313,372,-73.98396527,40.76716944
Parking Garage,1093314,273,-73.94907106,40.80267971
Parking Garage,1093573,50,-73.88524972,40.84262379
Parking Garage,1094411,250,-73.99389321,40.75234396
Parking Lot,1094901,24,-73.92099423,40.70409574
Parking Lot,1094902,100,-73.91980158,40.70375517
Parking Garage,1095789,150,-73.96796585,40.75957988
Parking Garage,1096606,31,-74.02403078,40.62567251
Parking Lot,1096607,98,-74.00757186,40.73031101
Parking Garage,1096744,92,-73.99132173,40.74492021
Parking Garage,1097071,537,-73.9916162,40.77213709
Parking Garage,1097397,135,-73.94759669,40.8318217
Parking Garage,1097891,101,-73.88518432,40.84299753
Parking Garage,1098933,206,-74.0052882,40.73457801
Parking Garage,1098937,280,-74.00494646,40.7085876
Parking Garage,1099266,244,-73.78226734,40.78070133
Parking Garage,1099297,96,-73.98515238,40.73607089
Parking Garage,1099298,18,-73.99783282,40.75074782
Parking Garage,1099611,99,-74.00463169,40.70708574
Parking Garage,1099885,72,-73.95901808,40.78005673
Parking Lot,1099887,18,-73.99117784,40.74875133
Parking Garage,1100018,72,-73.96450836,40.7556686
Parking Garage,1100021,140,-73.96809182,40.75863022
Parking Garage,1100022,225,-73.96809182,40.75863022
Parking Garage,1100532,140,-73.95918394,40.76920533
Parking Lot,1100547,48,-74.0046,40.74471527
Parking Garage,1100556,190,-73.9962891,40.72110813
Parking Garage,1100843,150,-73.98955322,40.69109688
Parking Garage,1101577,1208,-73.92115562,40.82636286
Parking Lot,1102228,175,-73.98558646,40.69361826
Parking Lot,1102229,59,-74.00213864,40.71758572
Parking Lot,1102349,60,-73.94919748,40.80933865
Parking Lot,1102421,150,-73.8723789,40.76341327
Parking Garage,1102792,60,-73.98707693,40.76269082
Parking Garage,1103762,65,-73.92079689,40.86550131
Parking Lot,1104541,18,-73.90527106,40.67871224
Parking Lot,1104818,21,-73.9966915,40.75684077
Parking Lot,1105006,808,-73.82147855,40.7512998
Parking Garage,1105864,57,-74.02372907,40.62646723
Parking Lot,1106244,24,-73.93357905,40.85442266
Parking Garage,1107285,149,-73.97007974,40.75797837
Parking Garage,1107288,120,-73.9918055,40.76761165
Parking Lot,1108273,150,-73.9883099,40.68988801
Parking Lot,1109612,150,-74.00982342,40.73807525
Parking Garage,1109621,89,-73.94629267,40.7913612
Parking Lot,1110463,108,-73.7753069,40.67694526
Parking Garage,1111678,152,-73.99446936,40.74191648
Parking Lot,1111971,90,-73.98430678,40.74321184
Parking Lot,1113079,35,-73.99110922,40.75607143
Parking Garage,1113131,160,-73.99610201,40.75373757
Parking Garage,1113133,94,-73.97002573,40.76133264
Parking Garage,1113135,318,-73.9918055,40.76761165
Parking Garage,1113944,80,-73.98635747,40.76819467
Parking Garage,1114025,64,-73.97037288,40.78910943
Parking Garage,1114184,150,-73.95052848,40.78642393
Parking Garage,1114865,213,-73.95978287,40.75866425
Parking Garage,1114874,250,-73.98887215,40.73194395
Parking Lot,1115799,70,-73.96082841,40.8175878
Parking Lot,1116428,100,-73.88479847,40.81357908
Parking Garage,1116799,209,-73.9500573,40.78552867
Parking Lot,1117312,118,-73.93694358,40.80414858
Parking Garage,1117512,100,-73.92014472,40.83200585
Parking Garage,1117862,76,-73.97402158,40.74968372
Parking Garage,1117864,51,-73.966539,40.78362557
Parking Garage,1117868,57,-73.95758816,40.78122584
Parking Lot,1117900,50,-73.92816856,40.82164693
Parking Garage,1117939,100,-73.95290034,40.81154956
Parking Garage,1118320,149,-74.0060633,40.71445705
Parking Garage,1118641,95,-73.98325711,40.76774722
Parking Lot,1118656,74,-73.90214205,40.83984836
Parking Garage,1119290,43,-73.95762387,40.78241524
Parking Lot,1119974,100,-73.97956719,40.6823121
Parking Garage,1122008,104,-73.95483147,40.77066038
Parking Garage,1122123,53,-73.98289846,40.73914078
Parking Garage,1124818,70,-73.95062815,40.78177
Parking Lot,1124929,90,-73.99026445,40.7111097
Parking Garage,1125479,33,-73.94816326,40.77216068
Parking Garage,1125503,67,-73.95918394,40.76920533
Parking Garage,1125528,88,-73.98123133,40.76898607
Garage - Parking Lot Combo,1125593,204,-73.93635955,40.80477823
Parking Garage,1126177,38,-73.95570858,40.76939077
Parking Garage,1126181,25,-73.95918394,40.76920533
Parking Garage,1126256,55,-73.99656478,40.74205138
Parking Garage,1126345,83,-74.02775119,40.62823701
Parking Lot,1126560,33,-73.89168236,40.83078173
Parking Lot,1126896,67,-73.98986055,40.75934683
Parking Garage,1126900,45,-73.97382409,40.74345848
Parking Garage,1126970,88,-74.00910489,40.71351584
Parking Garage,1126972,160,-73.96576146,40.67751766
Parking Garage,1127480,28,-73.95555569,40.77181894
Parking Garage,1127531,75,-74.02027943,40.64098656
Parking Garage,1127867,225,-73.9918055,40.76761165
Parking Garage,1127872,99,-73.9918055,40.76761165
Parking Garage,1127924,80,-74.06876264,40.60479538
Parking Garage,1128757,74,-73.95331947,40.78525221
Parking Garage,1128837,69,-73.91507486,40.84395849
Parking Lot,1128977,126,-74.07931813,40.64485942
Parking Garage,1129152,112,-73.99327322,40.73588023
Parking Garage,1129460,126,-73.82719028,40.76862022
Parking Garage,1129469,85,-73.8462843,40.72070726
Parking Lot,1129975,50,-73.98583147,40.71612147
Parking Lot,1130048,135,-73.82147855,40.7512998
Parking Garage,1130359,168,-73.96809182,40.75863022
Parking Garage,1130472,95,-73.94379565,40.78455702
Parking Garage,1130687,35,-73.96133204,40.77008683
Parking Garage,1130760,71,-73.99577337,40.75921943
Parking Garage,1130762,226,-73.9918055,40.76761165
Parking Garage,1130936,61,-73.9893447,40.73595329
Parking Lot,1131055,138,-73.82719028,40.76862022
Parking Lot,1131830,80,-73.98992087,40.69467826
Parking Lot,1131833,30,-73.98992087,40.69467826
Parking Lot,1132122,80,-73.90535525,40.81353575
Parking Garage,1132131,61,-73.99889388,40.74222325
Garage - Parking Lot Combo,1132509,250,-74.0046,40.74471527
Parking Garage,1133045,53,-73.95242073,40.77474629
Parking Garage,1133060,72,-73.96005629,40.78134494
Parking Garage,1133061,44,-73.97954336,40.76705294
Parking Garage,1133585,76,-73.9676519,40.7521411
Parking Garage,1133680,124,-73.9880879,40.75561381
Parking Garage,1133687,150,-74.0046,40.74471527
Parking Garage,1134343,100,-73.91734934,40.8427863
Parking Lot,1134501,63,-73.99407459,40.70952437
Parking Garage,1135017,226,-74.00404121,40.71608205
Parking Garage,1135061,275,-73.98877433,40.73566606
Parking Garage,1135063,208,-73.97214818,40.74730342
Parking Garage,1135076,169,-73.97823299,40.74524297
Parking Garage,1135083,96,-73.97823299,40.74524297
Parking Garage,1135086,42,-73.97823299,40.74524297
Parking Garage,1135103,96,-73.97823299,40.74524297
Parking Garage,1135106,98,-73.98289846,40.73914078
Parking Garage,1135112,62,-73.98289846,40.73914078
Parking Garage,1135120,83,-73.9756188,40.74059643
Parking Garage,1135161,25,-74.01037836,40.72321058
Parking Lot,1135386,100,-73.92042409,40.83976743
Parking Lot,1135393,54,-73.98289846,40.73914078
Parking Lot,1135395,108,-73.98289846,40.73914078
Parking Lot,1135396,18,-73.98642179,40.74191333
Parking Garage,1135959,248,-73.95918394,40.76920533
Parking Garage,1137035,433,-73.95918394,40.76920533
Parking Garage,1137049,475,-73.9918055,40.76761165
Parking Garage,1137052,220,-74.00929018,40.72001799
Parking Garage,1137167,224,-73.98892401,40.74540275
Parking Garage,1137171,225,-73.98986055,40.75934683
Parking Garage,1137946,213,-73.98986055,40.75934683
Parking Garage,1137953,84,-73.9918055,40.76761165
Parking Garage,1138103,150,-73.92616141,40.86373292
Parking Garage,1139987,61,-73.9863736,40.75997452
Parking Garage,1140019,225,-73.9918055,40.76761165
Parking Lot,1140965,35,-73.99564884,40.74910453
Parking Lot,1140970,25,-73.99503593,40.74874233
Parking Garage,1141698,183,-74.008889,40.72124219
Parking Lot,1141705,45,-74.008889,40.72124219
Parking Garage,1142024,161,-73.99629557,40.75584219
Parking Garage,1142057,195,-73.99279662,40.74289674
Parking Lot,1143627,145,-73.89832419,40.84579837
Parking Garage,1143750,106,-73.966539,40.78362557
Parking Lot,1144266,100,-73.90105365,40.82934292
Parking Garage,1144398,143,-73.98206828,40.76530119
Parking Garage,1144401,185,-73.96809182,40.75863022
Parking Lot,1145890,15,-73.88428535,40.85590946
Parking Garage,1146395,180,-73.86148085,40.72646492
Parking Garage,1146406,60,-73.94980462,40.7761376
Parking Garage,1146424,180,-73.86148085,40.72646492
Parking Garage,1146456,73,-73.99182499,40.744179
Parking Garage,1146716,81,-73.99220506,40.69419366
Parking Garage,1146910,300,-73.99742106,40.71408336
Parking Garage,1146930,94,-73.9921491,40.74890421
Parking Lot,1147734,50,-73.92384137,40.82069641
Parking Lot,1148572,110,-73.93777091,40.82668193
Parking Garage,1148650,86,-73.98935652,40.76810275
Parking Garage,1148651,292,-73.92384137,40.82069641
Parking Garage,1148653,53,-73.986951,40.756054
Parking Lot,1148777,75,-73.90605568,40.85531621
Parking Garage,1148944,400,-74.00924522,40.72952382
Parking Lot,1150017,33,-73.88364336,40.84635169
Parking Garage,1151530,90,-73.98065577,40.727959
Parking Garage,1151772,150,-73.84847449,40.8402017
Parking Lot,1151777,64,-73.90971942,40.83044367
Parking Lot,1151780,64,-73.90965743,40.83042395
Parking Garage,1152232,50,-73.95347152,40.76588078
Parking Garage,1152784,79,-74.03171266,40.63078009
Parking Garage,1153003,108,-73.98573005,40.73520449
Parking Lot,1153766,227,-73.96809182,40.75863022
Parking Garage,1154973,276,-74.00307186,40.70935929
Parking Garage,1154974,35,-73.96908382,40.75107063
Parking Garage,1154975,50,-73.95275541,40.77921698
Parking Lot,1155046,66,-73.99290453,40.71242771
Parking Garage,1155049,62,-73.99435645,40.72421324
Parking Garage,1155050,160,-73.98289846,40.73914078
Parking Garage,1155053,374,-74.0046,40.74471527
Parking Garage,1155070,82,-73.99630163,40.7500613
Parking Garage,1155071,200,-73.96162611,40.76764608
Parking Garage,1155355,225,-73.97728772,40.76433224
Parking Garage,1155370,300,-73.97297648,40.75245653
Parking Lot,1155478,80,-73.98986055,40.75934683
Parking Lot,1155671,54,-73.89521439,40.86102316
Parking Garage,1155791,147,-73.89593941,40.85715034
Parking Lot,1157097,275,-73.9193175,40.79381704
Parking Garage,1157180,140,-73.98599774,40.77136028
Parking Lot,1157522,250,-73.87860283,40.84309035
Parking Garage,1157539,218,-73.95062815,40.78177
Parking Garage,1157547,54,-73.98264495,40.73945867
Parking Garage,1157614,750,-73.98862169,40.6893211
Parking Garage,1157668,23,-74.008889,40.72124219
Parking Lot,1158884,54,-73.99353318,40.73849396
Parking Garage,1159049,196,-73.98213986,40.76556991
Parking Garage,1159260,50,-73.95764675,40.68279561
Parking Garage,1159592,232,-74.008889,40.72124219
Parking Garage,1159595,318,-74.01035597,40.71864812
Parking Garage,1159674,100,-73.92997897,40.85966471
Parking Lot,1159860,16,-73.91450737,40.87101077
Parking Lot,1160254,149,-73.91702302,40.86369453
Parking Lot,1161033,253,-73.999532,40.57630466
Parking Garage,1161319,149,-73.94620878,40.68018288
Garage - Parking Lot Combo,1162793,238,-73.92394888,40.82332856
Parking Lot,1163601,125,-73.93516565,40.80345744
Parking Garage,1163769,191,-73.99943361,40.71564728
Parking Garage,1164348,623,-73.98348428,40.68872067
Parking Lot,1166499,140,-73.9968863,40.75025902
Parking Garage,1166505,90,-73.97583493,40.76043887
Parking Lot,1167112,25,-73.89686664,40.89252768
Parking Garage,1167341,74,-73.92054135,40.74489337
Parking Garage,1168355,120,-73.9968863,40.75025902
Parking Lot,1168823,71,-73.93730519,40.83819545
Parking Lot,1170235,150,-74.00781024,40.71241494
Parking Garage,1171189,988,-74.01355357,40.70825614
Parking Garage,1171216,147,-73.966539,40.78362557
Parking Garage,1171647,135,-73.96224092,40.80524788
Parking Garage,1171649,190,-73.98816104,40.7706754
Parking Garage,1171703,67,-73.98887215,40.73194395
Parking Lot,1171971,143,-73.89600082,40.81506629
Parking Lot,1172285,51,-73.90725751,40.83669264
Parking Garage,1172406,120,-73.98957043,40.70268647
Parking Garage,1172794,95,-73.97392884,40.79556104
Garage - Parking Lot Combo,1174338,100,-73.86603236,40.84071714
Parking Lot,1174372,125,-73.74679789,40.77239842
Parking Garage,1175121,232,-74.01528866,40.71136651
Parking Garage,1175125,371,-74.01544154,40.71445118
Parking Lot,1175517,36,-74.00307186,40.70935929
Parking Lot,1175521,120,-74.00307186,40.70935929
Parking Garage,1175732,79,-74.01440845,40.70817632
Parking Lot,1175736,99,-73.9238921,40.82324871
Parking Garage,1175838,73,-73.96066384,40.7706678
Parking Garage,1176383,201,-73.8723789,40.76341327
Parking Garage,1177260,490,-73.94660458,40.76535053
Parking Lot,1177347,225,-73.84485515,40.85026199
Parking Lot,1177564,42,-73.88798959,40.82060557
Parking Garage,1177630,398,-73.9380095,40.84755643
Parking Garage,1178854,315,-73.97705863,40.75399871
Parking Lot,1179362,28,-73.88825807,40.82042611
Parking Garage,1179523,48,-73.989775,40.76752008
Parking Lot,1179976,100,-73.89438761,40.87079245
Parking Garage,1179983,120,-73.9966915,40.75684077
Parking Garage,1180320,43,-73.9596566,40.78032652
Parking Garage,1180712,86,-73.9861866,40.75197989
Parking Garage,1180717,52,-73.94239553,40.800766
Parking Garage,1180744,36,-73.94594194,40.78207121
Parking Garage,1180977,1500,-73.9968863,40.75025902
Parking Lot,1180979,225,-73.9968863,40.75025902
Parking Garage,1181002,423,-73.98986055,40.75934683
Parking Garage,1181008,255,-73.9968863,40.75025902
Parking Garage,1181079,93,-74.02412924,40.64147417
Parking Lot,1181102,40,-74.008889,40.72124219
Parking Garage,1181103,115,-73.95012444,40.82495421
Parking Lot,1181110,38,-74.01494878,40.70909309
Parking Garage,1181124,116,-73.96194949,40.76781257
Parking Lot,1181309,34,-73.90818022,40.82914739
Parking Garage,1181333,52,-73.97550265,40.79040792
Parking Garage,1181493,100,-73.95918394,40.76920533
Parking Garage,1181507,75,-73.97877619,40.75042407
Parking Lot,1181623,150,-73.9222246,40.83710952
Parking Garage,1181894,63,-73.95028106,40.77550784
Parking Garage,1182190,68,-73.97297648,40.75245653
Parking Garage,1182222,50,-73.94926775,40.68075867
Parking Garage,1182251,155,-73.94350459,40.7877533
Parking Garage,1182377,70,-74.02497705,40.64021071
Parking Garage,1182385,38,-73.98887215,40.73194395
Parking Garage,1182737,500,-73.9968863,40.75025902
Parking Garage,1182751,515,-73.95463838,40.77996679
Parking Garage,1183389,109,-73.94274303,40.78600459
Parking Garage,1183626,31,-73.95828844,40.77299391
Parking Lot,1184053,185,-73.97081563,40.79339102
Parking Garage,1184091,31,-73.9570488,40.7682791
Parking Garage,1184260,41,-74.01636331,40.71667663
Parking Garage,1184264,76,-74.00750118,40.71988025
Parking Garage,1184299,39,-74.02353848,40.64112271
Parking Garage,1184438,200,-74.00825505,40.70768805
Parking Lot,1184568,99,-74.01871423,40.64003325
Parking Lot,1185040,31,-73.93218231,40.84943043
Parking Garage,1185215,1903,-73.87835116,40.7387104
Parking Garage,1185592,51,-74.00232342,40.73301839
Parking Garage,1185631,182,-73.96809182,40.75863022
Parking Lot,1185862,57,-73.97675271,40.7659014
Parking Lot,1186129,25,-73.9968863,40.75025902
Parking Garage,1186204,290,-73.99257179,40.74447055
Parking Lot,1186413,170,-73.99647461,40.76692278
Parking Lot,1186538,105,-73.95918394,40.76920533
Parking Garage,1186692,25,-74.02502936,40.62720439
Parking Garage,1186721,120,-73.98555707,40.73002744
Parking Garage,1187066,147,-73.9918055,40.76761165
Parking Garage,1187112,136,-73.973266,40.76388354
Parking Lot,1187204,63,-73.9255547,40.86291533
Parking Garage,1187231,140,-73.97150402,40.67591863
Parking Garage,1187425,130,-73.93866903,40.74570245
Parking Lot,1187631,53,-73.99247132,40.7286449
Parking Garage,1187632,43,-73.98667358,40.73394198
Parking Garage,1187738,100,-73.89752695,40.86017585
Parking Garage,1187786,123,-74.01568869,40.71769776
Parking Garage,1188120,88,-74.02816042,40.62754347
Parking Garage,1188527,51,-74.17879655,40.56358193
Parking Lot,1188922,118,-73.88816511,40.86410832
Parking Lot,1189161,121,-73.99521381,40.76616123
Parking Lot,1189221,100,-73.90232489,40.67756911
Parking Garage,1189274,95,-73.82855612,40.70828608
Parking Garage,1189587,150,-73.96809182,40.75863022
Parking Garage,1189911,101,-73.8462843,40.72070726
Parking Garage,1189957,96,-73.96744584,40.69604329
Parking Lot,1189991,72,-73.92288764,40.84800973
Parking Garage,1190381,304,-73.94612011,40.80807812
Parking Garage,1190557,95,-73.97480118,40.74761818
Parking Garage,1191060,17,-73.97267878,40.76472329
Parking Garage,1191160,35,-73.97448878,40.74825276
Parking Lot,1191317,75,-73.91003363,40.69899315
Parking Garage,1191722,105,-73.99103818,40.75861378
Parking Garage,1191803,14,-73.95060289,40.77314824
Parking Lot,1192089,50,-74.01210321,40.63606505
Parking Garage,1192245,390,-73.94894567,40.78332126
Parking Garage,1192260,53,-73.9605446,40.77064855
Parking Garage,1192275,35,-74.17877051,40.56349273
Parking Garage,1192284,30,-73.95646401,40.78094705
Parking Garage,1192294,150,-73.96508474,40.7526551
Parking Garage,1192299,32,-74.00687435,40.70850493
Parking Lot,1192326,100,-73.9968863,40.75025902
Parking Garage,1192341,515,-73.97798959,40.71251253
Parking Lot,1192345,50,-73.98289846,40.73914078
Parking Garage,1192349,180,-73.97798959,40.71251253
Parking Garage,1192361,75,-73.9635887,40.75861416
Parking Garage,1192617,163,-74.00534216,40.74986649
Parking Garage,1192853,200,-73.99163649,40.71702324
Parking Garage,1192888,225,-74.01837573,40.63989859
Parking Garage,1192895,66,-73.97870424,40.74597242
Parking Garage,1192922,150,-74.12920293,40.62184135
Parking Garage,1192927,200,-73.97190264,40.79471231
Parking Garage,1192930,50,-73.96945168,40.76014208
Parking Garage,1192937,74,-73.97371051,40.74955321
Parking Garage,1192939,47,-73.9804759,40.74806784
Parking Garage,1192968,180,-73.95644976,40.76706316
Parking Garage,1192969,50,-74.01706865,40.6381605
Parking Garage,1192997,140,-73.99670303,40.71539323
Parking Garage,1193002,159,-73.98486231,40.76009627
Parking Garage,1193087,41,-73.98912866,40.77681114
Parking Garage,1193449,100,-73.93853152,40.79820504
Parking Garage,1193541,155,-73.92580811,40.82636292
Parking Garage,1193976,800,-73.92230656,40.8521352
Parking Lot,1194021,12,-73.83047501,40.84937159
Parking Lot,1194064,48,-73.8996138,40.85991697
Parking Garage,1195420,576,-73.87835116,40.7387104
Parking Lot,1195484,130,-73.97136371,40.760496
Parking Lot,1195532,60,-73.86707172,40.87491698
Parking Lot,1195599,100,-73.98992087,40.69467826
Parking Lot,1195622,80,-73.9898751,40.68994185
Garage - Parking Lot Combo,1196302,25,-73.96618629,40.75794246
Parking Garage,1196436,87,-73.9918055,40.76761165
Parking Garage,1196437,70,-74.02187071,40.63745104
Parking Garage,1196453,94,-73.97549537,40.75784011
Parking Garage,1196462,65,-73.96040546,40.76997757
Parking Garage,1196465,88,-73.96372581,40.79685013
Parking Garage,1196473,94,-73.95866159,40.7765455
Parking Garage,1196478,46,-73.94926558,40.77686875
Parking Lot,1196587,92,-74.008889,40.72124219
Parking Garage,1197266,43,-74.00738919,40.70877511
Parking Garage,1197635,62,-73.9677505,40.7904349
Parking Garage,1198215,98,-74.00742058,40.70720792
Parking Garage,1198454,18,-73.9589969,40.67278598
Parking Garage,1198509,55,-73.99454853,40.73546307
Parking Garage,1198597,150,-73.98203151,40.77264757
Garage - Parking Lot Combo,1199393,126,-73.99648384,40.72575566
Garage - Parking Lot Combo,1199399,212,-73.95062815,40.78177
Parking Lot,1199449,100,-73.9114682,40.82920206
Garage - Parking Lot Combo,1199450,108,-73.95062815,40.78177
Parking Garage,1199914,170,-73.98494553,40.76389591
Parking Garage,1199924,150,-73.97615017,40.7621872
Parking Garage,1199939,250,-73.97308348,40.75108057
Parking Garage,1199948,28,-73.99588471,40.75485046
Parking Garage,1199957,89,-73.97900102,40.76509201
Parking Lot,1200145,218,-73.89046951,40.85232425
Parking Lot,1200151,49,-73.90534116,40.85214567
Parking Garage,1200258,302,-73.98991879,40.75560416
Parking Lot,1200481,75,-73.98202274,40.77074874
Parking Garage,1200887,67,-73.97001484,40.75219906
Parking Lot,1201084,50,-73.99326729,40.74803332
Garage - Parking Lot Combo,1201419,50,-73.9490966,40.65545281
Parking Garage,1201681,150,-73.99608813,40.7223832
Parking Garage,1201685,23,-73.95113255,40.76911519
Parking Lot,1202048,80,-73.89892699,40.869693
Parking Garage,1202311,153,-74.02494906,40.64012328
Parking Garage,1202316,141,-73.98103981,40.74449264
Parking Lot,1202411,105,-74.00307186,40.70935929
Parking Garage,1202660,36,-73.96711711,40.760109
Parking Garage,1202746,160,-73.9762401,40.76481322
Parking Garage,1202769,134,-74.01619698,40.70884841
Parking Garage,1202774,67,-74.00918226,40.70430683
Parking Garage,1202982,158,-73.94197772,40.82283455
Parking Lot,1203107,225,-73.81770717,40.67334524
Parking Lot,1203255,262,-73.8723789,40.76341327
Parking Lot,1203262,323,-73.8723789,40.76341327
Parking Lot,1203270,42,-73.99115086,40.74220426
Parking Lot,1203411,50,-73.78757403,40.69810488
Parking Garage,1203528,80,-73.89887369,40.88473751
Parking Lot,1203781,21,-73.88849326,40.87517375
Parking Garage,1204138,69,-73.8462843,40.72070726
Parking Lot,1204144,100,-73.93866903,40.74570245
Parking Garage,1204173,107,-73.97724266,40.7453173
Parking Lot,1204269,390,-73.85304069,40.74967822
Parking Lot,1204272,225,-73.93866903,40.74570245
Parking Garage,1204520,56,-73.97431555,40.74411982
Parking Garage,1204604,131,-73.966539,40.78362557
Parking Garage,1204606,63,-74.0101996,40.73358645
Parking Garage,1205112,100,-73.97297648,40.75245653
Parking Garage,1205113,124,-73.98338071,40.75583798
Parking Garage,1205557,140,-73.94657684,40.81648846
Parking Garage,1205750,100,-73.99149741,40.77038878
Parking Lot,1205793,100,-73.98062405,40.68695303
Parking Garage,1205833,24,-73.80979666,40.70119265
Parking Garage,1205940,27,-73.99110895,40.73319095
Parking Garage,1206084,450,-73.98895651,40.75326592
Parking Garage,1206731,132,-73.86148085,40.72646492
Parking Lot,1206736,212,-73.93866903,40.74570245
Parking Garage,1206738,358,-73.792821,40.71311535
Parking Garage,1206789,225,-73.96641866,40.76145644
Parking Garage,1206795,100,-73.92062602,40.86215583
Parking Lot,1206949,110,-73.93807955,40.79216868
Parking Garage,1208122,29,-74.00663718,40.70830881
Parking Lot,1208906,100,-73.80979666,40.70119265
Parking Lot,1209226,58,-73.92384137,40.82069641
Garage - Parking Lot Combo,1209360,86,-73.97501676,40.74846935
Parking Garage,1209498,142,-73.98069174,40.74818475
Parking Garage,1209503,150,-73.98194367,40.74650916
Parking Lot,1210590,50,-73.91397448,40.87117947
Parking Garage,1210861,735,-73.97257275,40.740488
Parking Garage,1211704,262,-73.95814177,40.57782035
Parking Garage,1211705,160,-73.99094525,40.69148762
Parking Garage,1211714,349,-73.99094231,40.69519948
Parking Garage,1211996,125,-73.97823299,40.74524297
Parking Garage,1212000,1480,-73.98660142,40.68842036
Parking Lot,1213004,40,-73.93866903,40.74570245
Parking Garage,1213080,87,-74.00970387,40.70651017
Parking Garage,1213303,85,-74.00861748,40.70587078
Parking Garage,1213350,178,-74.0301558,40.61831051
Parking Garage,1213415,130,-73.943208,40.82249573
Parking Garage,1213626,110,-73.8462843,40.72070726
Parking Lot,1213656,60,-73.98292146,40.71034221
Parking Lot,1213660,58,-73.75575332,40.73547284
Parking Lot,1213663,242,-73.98292146,40.71034221
Parking Lot,1213666,315,-73.98292146,40.71034221
Parking Garage,1213801,91,-73.95296668,40.77634498
Parking Garage,1213869,400,-73.97994336,40.77453614
Parking Garage,1214410,55,-74.01464928,40.71961456
Parking Garage,1214412,131,-73.99115012,40.69008228
Parking Lot,1214814,80,-73.93108649,40.85987842
Parking Garage,1215113,530,-73.98785976,40.66735952
Parking Garage,1215447,25,-73.95767809,40.76680971
Parking Garage,1215560,527,-73.95770235,40.74441479
Parking Lot,1215675,38,-73.89197946,40.82702435
Parking Garage,1216003,208,-73.8462843,40.72070726
Parking Garage,1216345,270,-73.98720039,40.69330356
Parking Garage,1216515,268,-73.98702726,40.69386701
Parking Garage,1216678,40,-74.17875884,40.56343272
Parking Garage,1216679,56,-73.96689614,40.77265531
Parking Garage,1216898,23,-73.94343283,40.82347599
Parking Lot,1217499,53,-73.98133574,40.73722408
Parking Garage,1217500,290,-73.98797567,40.77953885
Parking Garage,1217747,300,-73.95988557,40.60764502
Parking Garage,1218108,162,-73.98752486,40.7802131
Parking Garage,1218380,24,-73.95466775,40.8058631
Parking Garage,1218382,33,-73.95552319,40.80677244
Parking Garage,1220146,48,-73.98239566,40.74183565
Parking Lot,1220509,294,-73.98698476,40.71785276
Garage - Parking Lot Combo,1220723,33,-73.91267507,40.84721424
Parking Garage,1220798,120,-73.99508089,40.74635014
Parking Lot,1220864,150,-73.9925265,40.74321642
Parking Garage,1221665,116,-73.97579943,40.7575377
Parking Garage,1222445,31,-73.94744674,40.77936703
Parking Garage,1222741,70,-74.02198907,40.64200817
Parking Garage,1222882,48,-74.03667056,40.63058306
Parking Garage,1223081,691,-73.84346466,40.85263661
Parking Garage,1223083,375,-73.87860283,40.84309035
Parking Lot,1224220,75,-73.80979666,40.70119265
Parking Garage,1225037,189,-73.91789903,40.87723081
Parking Lot,1226001,65,-73.93866903,40.74570245
Parking Garage,1226136,145,-73.95185891,40.79045811
Parking Garage,1226138,400,-73.94403228,40.79161072
Parking Garage,1226477,730,-73.78757403,40.69810488
Parking Garage,1226482,101,-73.98667223,40.74684476
Parking Lot,1226909,100,-73.98583147,40.71612147
Parking Garage,1227121,75,-73.98566702,40.75297222
Parking Garage,1227187,481,-73.82855612,40.70828608
Parking Lot,1227293,25,-73.94498611,40.7934374
Parking Garage,1227911,351,-73.792821,40.71311535
Parking Garage,1228853,19,-73.96382047,40.67886241
Garage - Parking Lot Combo,1228861,36,-73.97424727,40.7890931
Garage - Parking Lot Combo,1228864,180,-73.95918394,40.76920533
Garage - Parking Lot Combo,1228867,85,-73.99735618,40.74394895
Garage - Parking Lot Combo,1228876,660,-73.88334858,40.70122489
Garage - Parking Lot Combo,1228910,60,-73.97156362,40.74544182
Garage - Parking Lot Combo,1230416,200,-73.94892715,40.7850526
Parking Garage,1230569,157,-73.97855607,40.7450027
Parking Lot,1230602,65,-74.01463215,40.7100535
Parking Lot,1230768,50,-73.98771359,40.69085465
Parking Garage,1230769,18,-73.98826699,40.69064271
Parking Lot,1231053,27,-73.9968863,40.75025902
Parking Lot,1231084,36,-73.9968863,40.75025902
Parking Garage,1231149,225,-73.99500852,40.72881591
Parking Garage,1231157,123,-73.98038121,40.74664592
Parking Garage,1231207,155,-73.99536868,40.74154776
Parking Lot,1231226,20,-74.00825385,40.72404332
Parking Garage,1231677,1265,-73.86148085,40.72646492
Parking Garage,1231683,250,-73.9715996,40.79369045
Garage - Parking Lot Combo,1231896,25,-74.01464928,40.71961456
Parking Garage,1232453,42,-74.0046,40.74471527
Parking Garage,1232459,171,-73.9966915,40.75684077
Parking Garage,1232463,14,-73.99147044,40.72974257
Parking Lot,1232549,44,-73.94897265,40.77415717
Parking Garage,1232553,200,-73.98986055,40.75934683
Parking Garage,1232880,67,-73.9766358,40.7483916
Parking Lot,1232901,25,-73.95760842,40.66967152
Parking Garage,1233094,240,-73.9968863,40.75025902
Parking Garage,1233173,14,-73.99158795,40.73999252
Parking Garage,1233434,292,-73.98289846,40.73914078
Parking Garage,1233571,113,-73.99620495,40.73236915
Parking Garage,1233573,134,-73.99462466,40.73227432
Parking Garage,1234291,94,-73.99402975,40.73202619
Parking Garage,1234298,200,-73.96809182,40.75863022
Parking Garage,1234399,78,-73.99317433,40.73170917
Parking Garage,1234400,100,-73.9924189,40.73139441
Parking Garage,1234691,115,-73.9918055,40.76761165
Parking Garage,1234692,150,-73.92625836,40.82035871
Parking Garage,1234693,310,-74.00665517,40.74629618
Parking Lot,1234764,48,-73.98600366,40.71720385
Parking Lot,1235312,150,-73.86148085,40.72646492
Parking Garage,1235835,62,-73.82719028,40.76862022
Parking Lot,1236246,1050,-74.07679791,40.64452641
Parking Lot,1237359,62,-73.92533883,40.86258039
Parking Garage,1237770,25,-73.9799543,40.76725937
Parking Garage,1238787,130,-73.99316056,40.68919576
Parking Garage,1239839,65,-73.99113287,40.74052253
Parking Garage,1240254,300,-74.00899848,40.70402754
Parking Lot,1240692,85,-73.94764195,40.63229592
Parking Garage,1241015,140,-73.91841841,40.84127858
Garage - Parking Lot Combo,1241026,15,-74.0046767,40.67755431
Parking Garage,1241099,100,-73.99789641,40.72553802
Parking Garage,1241268,460,-73.96264842,40.77840671
Parking Garage,1241305,34,-73.9860845,40.74824025
Parking Garage,1241570,190,-73.96503,40.80350656
Parking Lot,1241978,48,-73.87013213,40.82973043
Parking Garage,1242162,162,-73.82147855,40.7512998
Parking Lot,1242535,100,-73.91097176,40.82906624
Parking Garage,1242759,581,-73.95140132,40.78844571
Parking Garage,1243101,28,-73.95205733,40.76918392
Parking Lot,1243603,50,-73.85463913,40.83385482
Parking Garage,1243626,130,-73.99225076,40.72483915
Parking Lot,1243733,35,-73.89274331,40.84362243
Parking Lot,1243909,43,-74.008889,40.72124219
Parking Lot,1243911,49,-74.008889,40.72124219
Parking Garage,1244225,225,-73.98985673,40.69112361
Parking Garage,1244293,170,-73.97241426,40.6819188
Parking Garage,1244304,146,-73.96852702,40.70927404
Parking Garage,1244445,269,-73.792821,40.71311535
Parking Lot,1244617,597,-74.01311037,40.67932916
Parking Lot,1244858,26,-73.8786468,40.87022401
Parking Garage,1245036,950,-73.91094395,40.65528453
Parking Garage,1245038,990,-73.84031025,40.69637041
Parking Lot,1245066,100,-73.93866903,40.74570245
Parking Lot,1245136,200,-73.82147855,40.7512998
Parking Garage,1245513,617,-73.9423792,40.70191202
Parking Garage,1245679,40,-73.94601388,40.77546119
Parking Garage,1245680,41,-73.97419864,40.74407485
Parking Garage,1246208,62,-73.99530572,40.76044251
Parking Lot,1246253,20,-73.90973295,40.81340534
Parking Garage,1246280,50,-73.94556422,40.77527233
Parking Garage,1246538,149,-73.97249316,40.75945441
Parking Garage,1246823,26,-73.97796463,40.74883614
Parking Garage,1246949,121,-73.97297648,40.75245653
Parking Garage,1246951,29,-73.97297648,40.75245653
Parking Garage,1246955,112,-73.99222105,40.73130448
Parking Lot,1246956,100,-73.7671415,40.7172223
Parking Garage,1247021,72,-74.03013526,40.61835024
Parking Garage,1247310,95,-73.95473768,40.76554544
Parking Garage,1247355,261,-73.98356058,40.75876977
Parking Garage,1247513,43,-74.0046,40.74471527
Parking Garage,1247739,921,-73.67963193,40.74529996
Parking Garage,1247801,120,-73.9833447,40.77440515
Parking Lot,1248142,52,-73.80979666,40.70119265
Parking Garage,1248251,20,-73.94808664,40.78045925
Parking Lot,1248458,32,-73.91177058,40.84547515
Parking Lot,1248479,60,-73.99789641,40.72553802
Parking Lot,1248480,45,-73.98289846,40.73914078
Parking Lot,1248807,50,-73.82147855,40.7512998
Parking Lot,1249121,49,-73.91068759,40.84999284
Parking Lot,1249153,38,-73.94524861,40.79348473
Parking Lot,1249180,30,-73.99581655,40.75650299
Parking Garage,1249271,75,-73.9798194,40.78204423
Parking Lot,1249729,30,-73.91869088,40.80646668
Parking Garage,1249767,25,-73.97925387,40.74287795
Parking Lot,1249859,71,-73.93866903,40.74570245
Parking Garage,1250226,140,-73.92976314,40.84971821
Parking Garage,1250358,648,-73.98986055,40.75934683
Parking Garage,1250448,42,-73.98248139,40.73974911
Parking Lot,1250694,42,-73.91877021,40.81814745
Parking Garage,1250775,121,-73.96058557,40.65924837
Parking Garage,1250811,125,-73.86148085,40.72646492
Parking Garage,1250870,136,-73.94616043,40.77731872
Parking Garage,1250880,154,-73.99725415,40.71755002
Parking Lot,1250917,20,-73.89894868,40.85107579
Parking Lot,1251057,25,-73.93866903,40.74570245
Parking Garage,1251085,72,-73.96172504,40.76769105
Parking Garage,1251091,220,-73.84912218,40.72354662
Parking Garage,1251102,88,-73.96060232,40.65950777
Parking Garage,1251117,51,-73.97297648,40.75245653
Parking Garage,1251120,67,-73.97185378,40.64944731
Parking Garage,1251169,50,-74.02168127,40.63726576
Parking Garage,1251175,225,-73.95918394,40.76920533
Parking Lot,1251177,80,-73.98792646,40.75728448
Parking Garage,1251181,143,-73.95856741,40.77740043
Parking Garage,1251237,68,-74.008889,40.72124219
Parking Lot,1251238,24,-73.92817134,40.86626574
Parking Lot,1251241,60,-73.99172128,40.74651511
Parking Lot,1251263,16,-73.94351984,40.68003551
Parking Lot,1251487,77,-73.91666032,40.86770047
Parking Lot,1251700,26,-73.89509402,40.82780904
Parking Garage,1252781,100,-73.92926058,40.86710363
Parking Garage,1253416,63,-73.94274623,40.82341642
Parking Garage,1253687,60,-74.01188586,40.71669379
Parking Lot,1254337,125,-73.93697606,40.82894014
Parking Garage,1254341,200,-73.99124437,40.75780798
Garage - Parking Lot Combo,1254421,200,-73.9968863,40.75025902
Parking Garage,1254733,94,-73.97968154,40.66555725
Parking Garage,1254915,32,-73.91130832,40.88452719
Parking Garage,1256221,18,-73.96704656,40.75667845
Parking Garage,1256344,525,-73.9386694,40.85470281
Parking Garage,1257136,56,-73.96266033,40.75731287
Parking Garage,1257232,79,-73.9885876,40.70173816
Parking Garage,1257397,70,-73.98373145,40.73994696
Parking Garage,1257424,320,-73.97911149,40.72664936
Parking Garage,1257426,510,-73.97948764,40.73463949
Parking Garage,1257428,320,-73.97951495,40.73023464
Parking Garage,1257429,210,-73.97911149,40.72664936
Parking Garage,1257431,320,-73.97757907,40.73382685
Parking Garage,1257433,580,-73.97911149,40.72664936
Parking Garage,1257438,20,-73.98650196,40.76739374
Parking Garage,1257992,87,-73.98978273,40.73029758
Parking Garage,1258315,272,-73.91427169,40.81866929
Parking Lot,1258355,43,-73.90034672,40.84760352
Parking Lot,1258468,100,-73.9966915,40.75684077
Parking Lot,1258489,89,-73.9968863,40.75025902